Timestamp,Temperature[degC],Humidity[percent],PM1.0[ug/m^3],PM2.5[ug/m^3],PM10.0[ug/m^3],O3[ppb],O3[V],NO2[ppb],NO2[V],Pressure[Pa]
2020-05-06 12:00:00,17.974339622641512,24.78132075471698,1.0094339622641506,1.7094339622641506,1.8547169811320754,55.29396226415097,1.4222727547169816,471.52169811320766,1.423739641509434,99234.03584905656
2020-05-06 15:00:00,22.303611111111135,18.937055555555567,1.1233333333333344,1.8166666666666673,1.927222222222223,47.157277777777765,1.4227619388888886,188.28905555555554,1.4254926555555563,99111.95555555557
2020-05-06 18:00:00,16.708444444444446,22.514166666666668,1.548888888888889,2.295000000000001,2.3994444444444447,46.04894444444445,1.4223668611111113,110.13683333333331,1.425801238888889,99133.8905555556
2020-05-06 21:00:00,12.023222222222227,26.22472222222223,0.618333333333333,1.0783333333333336,1.1588888888888875,43.60888888888888,1.4220900166666668,73.28366666666669,1.4259044722222232,99206.11388888891
2020-05-07 00:00:00,10.018555555555551,30.811111111111117,1.0750000000000004,1.6838888888888894,1.787777777777778,44.017500000000005,1.4220095555555559,66.34072222222223,1.4259402555555558,99090.7088888889
2020-05-07 03:00:00,8.56072222222221,32.28511111111113,0.9333333333333327,1.530555555555556,1.6600000000000001,45.75483333333333,1.4219297444444448,66.11922222222223,1.4259422833333326,98984.38500000002
2020-05-07 06:00:00,12.71094444444445,27.791555555555544,0.977222222222223,1.5822222222222213,1.698333333333333,43.92961111111112,1.4221561944444439,64.56638888888888,1.4259871833333333,98932.05888888887
2020-05-07 09:00:00,19.431444444444445,23.266111111111123,0.9327777777777767,1.5527777777777774,1.6622222222222232,47.712055555555544,1.4225371222222227,92.66144444444438,1.4259759500000002,98792.10666666664
2020-05-07 12:00:00,16.610611111111112,37.00949999999999,1.9622222222222214,2.8672222222222223,3.006111111111114,43.96566666666668,1.4224021555555557,80.25999999999996,1.425974027777778,98744.48944444448
2020-05-07 15:00:00,14.241277777777787,42.309888888888906,1.4877777777777763,2.2516666666666687,2.369444444444444,33.38516666666665,1.4224379777777776,63.70622222222224,1.4260145777777773,98789.11722222225
2020-05-07 18:00:00,12.488111111111099,32.91883333333333,1.644444444444445,2.3627777777777776,2.475555555555555,41.17577777777778,1.422172666666667,49.84450000000001,1.426053477777778,98889.30444444442
2020-05-07 21:00:00,7.856277777777782,42.47111111111113,2.197777777777777,3.210000000000001,3.368888888888888,40.62466666666668,1.4220016277777776,61.12966666666668,1.4259710277777777,99062.5383333333
2020-05-08 00:00:00,5.849500000000007,42.477888888888884,1.3088888888888897,2.0683333333333325,2.200555555555556,38.96322222222222,1.421966494444444,64.15977777777775,1.4259545666666664,99095.95777777767
2020-05-08 03:00:00,4.064722222222225,46.577999999999996,0.332777777777778,0.7694444444444439,0.8372222222222211,40.162444444444425,1.4218858722222223,64.73400000000001,1.425952094444444,99055.00555555552
2020-05-08 06:00:00,6.2163333333333295,36.86394444444442,0.16111111111111132,0.4166666666666662,0.47444444444444434,37.598444444444446,1.4220037777777779,63.31294444444448,1.4259592944444437,99061.96555555558
2020-05-08 09:00:00,12.517722222222226,23.107611111111115,0.12666666666666665,0.18388888888888885,0.22277777777777807,38.6131111111111,1.4222290166666676,54.90772222222225,1.4260293111111104,99026.73888888891
2020-05-08 12:00:00,14.054277777777775,21.066388888888884,0.03222222222222219,0.13222222222222252,0.16722222222222247,38.19699999999999,1.422316083333334,70.81422222222221,1.4259565277777786,98952.55555555559
2020-05-08 15:00:00,12.885555555555543,19.610944444444442,0.04999999999999994,0.22388888888888892,0.2744444444444444,36.401666666666635,1.422262294444444,61.30683333333332,1.4259791944444442,98940.73777777776
2020-05-08 18:00:00,6.852000000000002,25.089666666666652,0.546666666666666,0.7722222222222226,0.8216666666666665,40.58816666666667,1.4219694888888892,59.25805555555555,1.4259819888888892,99096.235
2020-05-08 21:00:00,2.909666666666666,39.3176111111111,0.14777777777777795,0.31666666666666665,0.36944444444444413,38.087888888888884,1.4218859888888884,55.726000000000035,1.4260034333333327,99284.77833333334
2020-05-09 00:00:00,1.5082222222222224,51.892722222222226,0.02888888888888889,0.163888888888889,0.23000000000000054,35.02738888888889,1.4218959722222224,58.48500000000001,1.4259884111111107,99337.80722222223
2020-05-09 03:00:00,0.784222222222222,52.370944444444476,0.013888888888888893,0.16888888888888887,0.2122222222222225,36.491055555555555,1.4218454166666668,63.18461111111109,1.4259622666666663,99322.13666666667
2020-05-09 06:00:00,3.8394999999999992,47.15694444444443,0.9838888888888891,1.355,1.433888888888889,35.19433333333332,1.4219697999999996,69.55277777777773,1.4259249722222223,99350.32888888891
2020-05-09 09:00:00,9.515055555555554,37.27144444444444,0.34166666666666656,0.7061111111111111,0.7761111111111111,32.84938888888889,1.4222003222222224,53.279888888888905,1.4260152722222226,99255.44777777776
2020-05-09 12:00:00,10.301,37.03011111111114,0.9055555555555556,1.218888888888888,1.283888888888889,36.01100000000002,1.4221675166666665,46.791555555555554,1.426051977777777,99317.76000000004
2020-05-09 15:00:00,10.813666666666657,28.765444444444427,0.4494444444444445,0.5777777777777777,0.6027777777777776,41.0298888888889,1.4220910944444445,46.435722222222225,1.4260538944444432,99379.56055555555
2020-05-09 18:00:00,9.18194444444444,32.26094444444445,0.42111111111111094,0.73,0.7883333333333332,44.98911111111113,1.421964227777778,55.34261111111111,1.4260034333333336,99462.46333333335
2020-05-09 21:00:00,6.908222222222221,38.10572222222222,0.4405555555555557,0.8483333333333339,0.9261111111111124,44.14433333333333,1.421905555555556,57.358166666666676,1.4259928333333332,99586.34722222218
2020-05-10 00:00:00,5.50488888888889,44.006777777777785,1.7361111111111118,2.4088888888888897,2.525555555555556,41.378388888888885,1.421910716666667,66.3785555555556,1.4259421222222224,99615.13500000002
2020-05-10 03:00:00,6.1033888888888885,42.18927777777777,1.1772222222222213,1.8333333333333346,1.9672222222222233,41.31205555555555,1.4219315166666666,65.0819444444444,1.4259492555555549,99578.52777777775
2020-05-10 06:00:00,8.515500000000003,39.350222222222214,1.6183333333333334,2.37,2.4838888888888895,38.86077777777776,1.422056094444444,65.46555555555553,1.4259462166666663,99557.50444444445
2020-05-10 09:00:00,10.952333333333332,38.11094444444443,2.192777777777777,2.9805555555555543,3.1133333333333333,39.370666666666686,1.422126472222223,50.87361111111111,1.4260283833333334,99512.6127777778
2020-05-10 12:00:00,10.661333333333348,48.44166666666667,3.6544444444444415,5.404444444444446,5.693333333333331,36.00050000000002,1.4221795555555554,64.33727777777774,1.4259514499999995,99441.9177777778
2020-05-10 15:00:00,13.285833333333338,44.176444444444435,3.2222222222222245,4.725,4.944999999999998,34.3711111111111,1.4223381499999996,62.07466666666664,1.4259910777777776,99294.97444444444
2020-05-10 18:00:00,10.93255555555555,50.79927777777776,4.535555555555553,6.398888888888887,6.6355555555555545,35.65672222222222,1.4221949000000003,64.20072222222225,1.425952188888889,99278.42888888888
2020-05-10 21:00:00,8.907444444444444,54.2438333333333,3.800555555555558,5.397222222222227,5.608333333333331,38.97477777777781,1.4220667055555558,73.25800000000002,1.4259013722222225,99265.21055555555
2020-05-11 00:00:00,7.901055555555558,50.758500000000005,1.3044444444444443,1.9250000000000007,2.0266666666666686,39.34444444444444,1.422026794444445,73.15744444444447,1.4259024555555564,99188.95888888891
2020-05-11 03:00:00,6.431055555555552,58.76544444444451,2.950000000000002,3.8911111111111096,4.008888888888887,41.785888888888906,1.4219334999999997,78.1092777777778,1.4258751333333328,99140.32611111115
2020-05-11 06:00:00,5.645642458100561,63.22027932960891,4.032960893854746,5.003910614525142,5.1385474860335165,44.044692737430196,1.4218662067039098,84.96145251396653,1.4258366759776535,99214.66201117322
2020-05-11 09:00:00,8.485500000000002,60.26688888888887,2.4383333333333352,4.041111111111109,4.498333333333334,39.690555555555555,1.422039722222221,83.79438888888892,1.425841611111111,99340.81722222225
2020-05-11 12:00:00,12.019166666666665,47.60705555555557,0.8477777777777777,1.3711111111111105,1.4483333333333357,31.65055555555553,1.4223140777777776,69.81672222222227,1.4259253444444442,99404.94222222219
2020-05-11 15:00:00,15.21027777777778,32.083666666666666,0.8405555555555556,1.5566666666666662,1.6783333333333341,37.73644444444444,1.422411383333333,60.63594444444443,1.4260470277777781,99456.0194444444
2020-05-11 18:00:00,11.180666666666667,37.4353888888889,3.64833333333333,5.586666666666667,5.806111111111109,37.895499999999984,1.4221753833333326,67.11155555555555,1.4259446777777776,99551.22111111114
2020-05-11 21:00:00,6.324388888888892,45.40455555555555,1.6372222222222197,2.470555555555556,2.5799999999999987,38.2407777777778,1.4219954388888894,69.9112222222222,1.4259217166666667,99716.62944444439
2020-05-12 00:00:00,3.9568888888888885,46.67844444444443,1.4672222222222233,2.3599999999999985,2.5533333333333337,42.25244444444445,1.4218439388888895,76.13177777777784,1.4258877722222216,99813.04111111112
2020-05-12 03:00:00,2.630055555555554,50.466222222222264,6.002222222222219,7.598333333333337,7.953333333333337,43.692611111111134,1.4217740888888886,79.1917222222222,1.4258711611111108,99844.78444444448
2020-05-12 06:00:00,6.15833333333333,43.11416666666669,2.801111111111113,4.137777777777777,4.395555555555553,42.39011111111111,1.4219135499999997,82.00072222222221,1.4258533055555556,99899.00111111108
2020-05-12 09:00:00,15.177611111111116,24.330444444444442,1.158888888888889,1.971666666666667,2.116111111111111,41.13605555555556,1.4223676944444439,67.22816666666665,1.4260228333333336,99845.0872222223
2020-05-12 12:00:00,15.010333333333321,24.02011111111111,1.739444444444444,2.726111111111112,2.9194444444444443,43.513555555555556,1.42228785,83.4756666666667,1.4259095611111101,99832.59500000003
2020-05-12 15:00:00,13.33788888888888,29.73622222222223,2.173333333333332,3.3777777777777773,3.605555555555554,39.8331111111111,1.4222317611111106,63.55694444444445,1.4259784888888896,99928.78833333326
2020-05-12 18:00:00,11.737833333333336,31.414833333333345,2.334444444444445,3.6461111111111126,3.8550000000000013,43.00227777777776,1.4220993499999999,63.07733333333332,1.4259680388888885,100032.20944444442
2020-05-12 21:00:00,7.161166666666666,36.962500000000006,1.648333333333333,2.5605555555555575,2.7105555555555547,44.34055555555556,1.4219102555555558,60.24216666666668,1.425976255555556,100225.07055555553
2020-05-13 00:00:00,4.400722222222222,42.843277777777764,2.083888888888891,3.2166666666666655,3.4299999999999993,44.39183333333333,1.4218190888888889,65.13394444444445,1.4259496888888894,100378.605
2020-05-13 03:00:00,3.1161111111111097,50.15022222222224,2.9816666666666656,4.588333333333337,4.879444444444445,44.57605555555554,1.4217738055555555,75.56966666666663,1.4258913444444443,100495.24444444453
2020-05-13 06:00:00,10.016111111111108,37.50616666666666,1.8088888888888912,2.728333333333335,2.895000000000001,39.67288888888889,1.4221478944444446,72.41433333333333,1.4259445166666656,100615.95944444448
2020-05-13 09:00:00,22.128999999999994,18.084333333333333,0.990555555555556,1.5733333333333352,1.6883333333333332,44.86527777777777,1.422795011111111,93.9321111111111,1.4260435444444444,100675.50333333334
2020-05-13 12:00:00,20.835833333333333,19.124055555555564,2.493888888888888,3.6961111111111116,3.8711111111111114,44.86322222222222,1.4226961277777779,94.73694444444445,1.4260021722222223,100621.7777777778
2020-05-13 15:00:00,20.930888888888898,18.513888888888882,4.626111111111113,6.52444444444444,6.808333333333328,46.86249999999998,1.4226635555555565,82.91438888888891,1.4260729388888889,100499.88944444442
2020-05-13 18:00:00,15.766833333333322,22.36477777777779,5.658333333333333,8.01888888888889,8.362222222222227,47.38022222222224,1.4222719222222215,60.8071111111111,1.4260610444444441,100480.97666666667
2020-05-13 21:00:00,11.725999999999994,32.353388888888894,4.7166666666666694,6.7599999999999945,7.063888888888887,41.38550000000002,1.4221170055555554,51.04111111111113,1.426029011111111,100526.82777777784
2020-05-14 00:00:00,9.928111111111116,38.39805555555555,6.589999999999999,9.434444444444447,9.86,35.02405555555558,1.422173544444444,59.499888888888904,1.4259794888888893,100500.99333333333
2020-05-14 03:00:00,9.203000000000012,40.32766666666667,7.492222222222219,10.743888888888883,11.27277777777778,35.98033333333334,1.4221318500000006,65.69138888888891,1.4259443388888886,100405.2361111111
2020-05-14 06:00:00,10.064333333333336,41.946444444444445,8.411111111111113,12.270000000000001,12.823333333333338,34.407833333333315,1.4221894722222226,67.73483333333334,1.4259323500000003,100354.90222222224
2020-05-14 09:00:00,15.203722222222227,32.16544444444445,4.95055555555556,7.363333333333326,7.709444444444443,37.46144444444443,1.4224160388888887,48.1131111111111,1.426119011111111,100160.84277777784
2020-05-14 12:00:00,15.602555555555545,34.75083333333333,5.709444444444443,8.83388888888889,9.324444444444438,37.52633333333334,1.422444838888889,47.2563888888889,1.4261350388888894,99881.7777777778
2020-05-14 15:00:00,13.635499999999995,40.085500000000025,6.877777777777782,11.280555555555559,12.092777777777782,37.74855555555556,1.4222930055555558,51.00022222222222,1.4260588555555551,99591.40500000006
2020-05-14 18:00:00,11.52705555555556,59.63688888888886,9.177222222222223,14.315000000000008,15.068333333333326,38.70444444444445,1.4221588055555556,66.54361111111109,1.4259391833333341,99454.78333333334
2020-05-14 21:00:00,11.175000000000004,66.89255555555556,13.817222222222224,22.792222222222236,24.256666666666664,43.84044444444444,1.4220506277777778,84.36266666666666,1.4258366277777785,99332.26111111107
2020-05-15 00:00:00,11.937499999999988,67.5767222222221,18.27444444444444,33.76388888888887,39.97277777777773,40.480111111111114,1.4221381277777776,84.42955555555548,1.4258357444444445,99213.77500000004
2020-05-15 03:00:00,12.983,67.53544444444444,21.94888888888887,39.25833333333335,48.221111111111085,38.48350000000001,1.4222309500000017,89.23766666666658,1.425821600000001,99151.24777777783
2020-05-15 06:00:00,13.369055555555565,66.08344444444444,20.873888888888885,37.96333333333331,46.630555555555524,37.87133333333336,1.4222707388888887,91.47372222222222,1.42581896111111,99177.18499999997
2020-05-15 09:00:00,14.303999999999991,67.49194444444448,16.489999999999966,28.659444444444468,32.85777777777776,43.832166666666645,1.4222294444444439,99.49688888888895,1.4257983333333342,98978.19055555556
2020-05-15 12:00:00,18.415166666666668,66.25561111111114,17.87888888888889,30.016111111111098,33.88166666666669,42.06750000000001,1.4225689888888877,104.72388888888877,1.4258788333333325,98822.52999999996
2020-05-15 15:00:00,20.415333333333344,58.64961111111112,4.52944444444444,6.473888888888896,6.681111111111109,35.3288333333333,1.422844811111114,91.57211111111113,1.4260086555555571,98943.73333333331
2020-05-15 18:00:00,18.911500000000004,55.46138888888886,0.738333333333334,1.0433333333333343,1.0677777777777782,39.888777777777825,1.4226472111111115,83.04683333333335,1.4260182277777769,99184.9527777779
2020-05-15 21:00:00,15.014000000000003,60.748388888888954,2.2594444444444424,2.87333333333333,2.9888888888888894,40.7126111111111,1.422341005555554,81.10761111111121,1.4259236722222217,99467.09333333334
2020-05-16 00:00:00,12.878388888888871,65.09800000000001,4.680000000000006,6.827222222222222,7.066111111111109,39.16866666666672,1.422210894444445,80.47938888888893,1.4258694666666676,99637.01111111109
2020-05-16 03:00:00,13.106833333333356,65.58783333333332,4.561666666666672,6.827777777777784,7.101111111111104,38.9251666666667,1.4222314444444455,82.90733333333328,1.4258609722222244,99825.71055555555
2020-05-16 06:00:00,15.319500000000009,58.04572222222221,4.072222222222224,5.76555555555555,5.954444444444445,38.289277777777784,1.4224088833333324,88.77822222222217,1.4258873000000014,100063.71166666667
2020-05-16 09:00:00,25.11746268656715,35.55981343283581,2.3746268656716416,3.252611940298508,3.3507462686567133,44.46235074626866,1.4230475447761184,88.35753731343276,1.4261733395522387,100166.51716417923
2020-05-16 12:00:00,24.7043888888889,35.75877777777776,4.048333333333332,5.571666666666666,5.7494444444444435,47.0053888888889,1.4229647222222228,105.6726666666667,1.426057172222222,100214.69222222223
2020-05-16 15:00:00,24.403777777777755,35.007999999999974,5.288333333333336,7.5527777777777825,7.917222222222224,48.012888888888874,1.4229190111111112,99.3326666666666,1.4260841111111107,100165.22166666662
2020-05-16 18:00:00,17.95705555555556,44.65272222222224,4.425555555555551,6.077777777777779,6.282222222222219,45.41205555555555,1.422471838888889,78.31388888888891,1.426019916666666,100264.71111111109
2020-05-16 21:00:00,13.588333333333319,53.36422222222219,6.19666666666667,9.12555555555556,9.52777777777778,36.47361111111112,1.4223132777777774,69.05349999999999,1.4259538722222216,100361.38000000003
2020-05-17 00:00:00,12.435111111111109,55.93494444444441,10.372777777777776,15.069444444444455,15.78055555555555,37.61650000000001,1.4222121277777775,76.70199999999994,1.4258825777777768,100356.07444444447
2020-05-17 03:00:00,11.392888888888896,57.30566666666667,7.054444444444446,10.351666666666672,10.762777777777778,39.2592777777778,1.4221430388888887,77.07905555555557,1.4258782222222228,100376.17499999997
2020-05-17 06:00:00,14.657111111111115,51.85338888888892,4.2811111111111115,6.099444444444445,6.340555555555554,38.917611111111114,1.422364461111112,85.02955555555552,1.425902433333333,100397.91500000002
2020-05-17 09:00:00,21.426277777777774,37.722500000000025,2.806666666666667,3.9777777777777805,4.135555555555559,46.13622222222224,1.4227144000000003,72.42666666666672,1.4261480833333333,100308.75500000005
2020-05-17 12:00:00,20.35955555555555,39.288333333333334,3.12,4.278888888888891,4.4300000000000015,47.47905555555553,1.4226099555555554,84.60372222222217,1.4260478277777768,100194.21055555556
2020-05-17 15:00:00,19.3533888888889,41.12049999999999,2.6961111111111107,3.6050000000000004,3.7127777777777777,47.22038888888887,1.4225410388888884,73.76727777777779,1.4260840666666668,100070.67277777777
2020-05-17 18:00:00,16.93427777777778,48.92138888888887,2.858333333333332,3.8644444444444446,3.9883333333333333,42.25138888888886,1.4224559777777772,66.26577777777783,1.4260621833333342,100012.70611111105
2020-05-17 21:00:00,16.87105555555556,51.53694444444443,4.976111111111112,6.618888888888891,6.827222222222224,40.42894444444444,1.4224855500000007,76.9846111111111,1.4259984500000003,100023.36777777775
2020-05-18 00:00:00,14.797000000000002,64.68699999999995,4.601666666666667,6.168888888888888,6.369444444444447,43.12377777777779,1.422279633333333,83.93044444444442,1.425901466666667,100039.60666666664
2020-05-18 03:00:00,13.74733333333333,69.98905555555555,2.5572222222222227,3.6000000000000005,3.7605555555555554,46.39961111111112,1.422139761111111,85.5986111111111,1.4258630611111114,99986.4422222222
2020-05-18 06:00:00,13.884444444444446,67.4326666666667,3.2699999999999996,4.561111111111109,4.734444444444444,45.87744444444446,1.4221598388888883,84.34105555555553,1.4258740611111107,99994.2177777778
2020-05-18 09:00:00,15.624388888888886,67.64266666666664,4.155,5.537777777777776,5.693888888888889,45.15194444444445,1.4223036500000006,91.39405555555554,1.425881077777778,99975.2861111112
2020-05-18 12:00:00,16.530388888888886,65.20655555555561,5.3344444444444425,7.157222222222223,7.3333333333333295,44.326555555555565,1.4223868944444449,91.56283333333334,1.4259049111111106,99991.41166666668
2020-05-18 15:00:00,16.401500000000006,65.44605555555557,4.1627777777777775,5.535555555555557,5.686111111111115,47.07555555555559,1.422325644444444,92.0972777777778,1.4258982944444443,99968.36777777779
2020-05-18 18:00:00,15.662999999999995,65.16511111111107,3.5122222222222237,4.750555555555552,4.916666666666669,47.201999999999984,1.4222680722222216,92.84566666666666,1.425873788888888,99977.4844444445
2020-05-18 21:00:00,16.39005555555554,59.334333333333326,5.214444444444444,7.299999999999999,7.553333333333334,45.72344444444445,1.4223501499999995,95.69944444444444,1.4258772,100044.47666666665
2020-05-19 00:00:00,17.218388888888903,32.01344444444445,2.9588888888888896,4.007777777777776,4.1733333333333364,50.521333333333345,1.4223219888888894,77.2882222222222,1.426006266666666,100035.07333333338
2020-05-19 03:00:00,16.64977777777778,25.320611111111116,0.936111111111112,1.4338888888888888,1.5327777777777771,50.428666666666665,1.4222812611111117,88.69766666666666,1.4259246611111118,100064.95777777782
2020-05-19 06:00:00,15.728833333333334,32.005166666666675,1.3266666666666667,2.0011111111111117,2.0994444444444422,47.14161111111114,1.422274066666667,87.34272222222225,1.4259072999999995,100244.42388888885
2020-05-19 09:00:00,18.634333333333334,30.972277777777744,1.2494444444444446,1.9311111111111126,2.045,46.01438888888892,1.4225104166666658,87.53722222222216,1.4259843999999993,100341.62833333334
2020-05-19 12:00:00,19.41216666666666,31.439055555555537,1.6150000000000007,2.343888888888889,2.456111111111111,48.5778888888889,1.4225197277777786,89.345,1.425995016666667,100358.64222222223
2020-05-19 15:00:00,20.516055555555546,32.88755555555553,2.255000000000003,3.1944444444444446,3.323333333333337,48.563333333333354,1.422601333333333,84.45172222222222,1.4260532722222217,100299.53111111112
2020-05-19 18:00:00,20.191833333333324,32.51394444444445,2.6794444444444476,3.7316666666666682,3.8733333333333317,49.36305555555555,1.4225619222222217,85.37583333333335,1.4260388499999992,100287.06666666667
2020-05-19 21:00:00,18.726222222222216,35.81538888888889,3.1650000000000014,4.366111111111107,4.561111111111109,48.2142222222222,1.4224763611111109,75.52172222222225,1.4260571222222218,100417.6038888889
2020-05-20 00:00:00,17.33322222222222,37.654055555555566,2.858333333333332,3.9299999999999993,4.1000000000000005,47.6875,1.4223836777777779,66.62644444444443,1.4260710055555554,100434.46500000004
2020-05-20 03:00:00,14.036277777777778,45.54694444444447,3.604444444444446,4.951666666666666,5.14277777777778,42.75944444444446,1.422229338888889,58.67366666666669,1.426025877777778,100538.64277777776
2020-05-20 06:00:00,18.160111111111114,38.67900000000001,3.436111111111113,4.7922222222222235,5.004999999999999,41.35338888888888,1.4225644388888885,68.30349999999994,1.4260852833333337,100733.84611111105
2020-05-20 09:00:00,25.034666666666677,25.293444444444447,2.173888888888889,3.069444444444445,3.215555555555554,49.91166666666665,1.422934738888888,100.26361111111109,1.426099344444444,100801.88555555561
2020-05-20 12:00:00,22.98944444444445,27.79894444444444,1.8188888888888906,2.624444444444445,2.7411111111111106,49.545500000000004,1.4227725055555553,88.32850000000002,1.426102477777778,100771.185
2020-05-20 15:00:00,24.376833333333337,24.60149999999999,1.4211111111111119,2.086666666666666,2.1849999999999987,50.651111111111135,1.4228661333333332,89.53038888888885,1.4261412500000004,100605.04277777785
2020-05-20 18:00:00,21.07277777777778,27.503444444444433,1.4916666666666667,2.1366666666666663,2.239444444444445,50.91605555555555,1.4225988999999999,72.19472222222223,1.4261408499999997,100507.57944444448
2020-05-20 21:00:00,17.86977777777778,32.8321111111111,2.3822222222222225,3.3883333333333328,3.5555555555555554,47.51316666666665,1.4224266333333335,63.343388888888896,1.4261046944444449,100522.85222222221
2020-05-21 00:00:00,14.278222222222224,39.491666666666674,2.464444444444445,3.4344444444444457,3.584999999999999,38.809888888888885,1.4223221666666677,52.19588888888886,1.4260704555555554,100557.74555555558
2020-05-21 03:00:00,10.868111111111116,48.93594444444444,5.2888888888888905,7.013888888888889,7.345555555555555,36.20322222222222,1.4221826277777772,66.66805555555555,1.4259381,100561.95611111108
2020-05-21 06:00:00,16.62661111111111,39.07266666666665,5.134444444444439,6.769999999999994,7.036666666666667,36.43916666666668,1.42256355,69.92816666666667,1.426048044444445,100587.56777777779
2020-05-21 09:00:00,25.716833333333334,19.901000000000003,1.1933333333333327,1.7577777777777763,1.8627777777777792,55.0707222222222,1.4228915722222217,93.48027777777779,1.4261619222222222,100545.5311111111
2020-05-21 12:00:00,24.732999999999997,20.397166666666664,1.0233333333333332,1.567777777777779,1.6549999999999998,55.18911111111114,1.4228082277777785,87.56888888888886,1.4261646944444448,100432.73333333334
2020-05-21 15:00:00,27.736277777777783,16.023777777777763,0.5383333333333338,0.9016666666666663,0.9666666666666666,56.7007777777778,1.4230434944444448,92.63861111111117,1.4262453277777771,100192.90055555556
2020-05-21 18:00:00,22.28511111111111,18.129944444444448,1.1933333333333331,1.7200000000000009,1.8161111111111117,55.83400000000002,1.4226043833333335,67.3867777777778,1.426208733333333,100043.57333333338
2020-05-21 21:00:00,15.95183333333333,22.641388888888883,2.472222222222222,3.536111111111111,3.7183333333333337,49.71333333333334,1.422242372222222,60.83738888888891,1.4260664,100085.14166666666
2020-05-22 00:00:00,13.611166666666675,34.529166666666654,4.921666666666665,6.808888888888887,7.123333333333334,32.09711111111109,1.4223966888888893,55.860388888888906,1.4260302222222223,100073.1077777778
2020-05-22 03:00:00,12.458333333333346,40.37966666666668,5.926111111111114,7.986666666666665,8.325555555555557,24.57988888888889,1.4224558277777777,47.5038888888889,1.4260501111111104,100004.51722222223
2020-05-22 06:00:00,20.734333333333332,31.03116666666665,8.517777777777773,12.57666666666666,13.548333333333332,34.581388888888895,1.4229117111111114,65.4509444444444,1.4261923444444446,99937.22777777779
2020-05-22 09:00:00,34.33933333333332,22.904611111111095,3.066666666666666,4.255000000000002,4.484999999999999,58.054944444444445,1.423715833333334,139.4507222222222,1.4263069000000002,99852.48055555554
2020-05-22 12:00:00,32.587222222222245,23.268666666666665,3.2833333333333363,4.503888888888889,4.7383333333333315,61.875555555555565,1.4234448944444453,110.29583333333335,1.426375766666666,99715.18888888891
2020-05-22 15:00:00,32.089277777777774,23.78344444444445,2.966666666666667,4.002777777777777,4.192777777777777,59.46866666666668,1.4234377999999999,91.55677777777774,1.426460133333333,99571.45388888891
2020-05-22 18:00:00,27.074888888888893,30.835388888888883,3.5294444444444415,4.853888888888888,5.080000000000003,40.38977777777781,1.4233034444444441,64.01866666666666,1.4263935666666665,99516.66722222226
2020-05-22 21:00:00,21.634666666666657,42.37677777777778,6.506111111111113,8.881666666666666,9.297777777777776,31.66372222222222,1.4230087500000002,59.72277777777775,1.4262305888888887,99564.7838888889
2020-05-23 00:00:00,18.383333333333326,51.24655555555559,8.144444444444444,11.13611111111111,11.62055555555556,32.980555555555554,1.4227384333333337,69.79727777777778,1.426081155555555,99579.83888888884
2020-05-23 03:00:00,17.043055555555572,55.59527777777777,9.960555555555553,13.692222222222219,14.230555555555558,34.01083333333333,1.4226190166666668,74.77472222222224,1.4260159500000003,99572.08000000003
2020-05-23 06:00:00,23.827166666666653,44.654777777777774,5.89777777777778,8.09444444444445,8.413888888888886,33.193722222222206,1.423191066666666,69.53916666666667,1.4262657666666665,99613.7516666666
2020-05-23 09:00:00,33.97361111111108,27.67944444444444,6.16611111111111,8.026111111111108,8.356111111111112,58.58716666666667,1.4236638944444444,108.67066666666665,1.4264709444444441,99711.6433333334
2020-05-23 12:00:00,34.102000000000004,28.27700000000001,4.401666666666669,5.7972222222222225,6.045000000000001,61.521888888888924,1.4236199166666674,120.76572222222217,1.4264054888888886,99753.66166666668
2020-05-23 15:00:00,33.27072222222222,32.2726111111111,3.697222222222223,5.052222222222218,5.297222222222225,43.369388888888906,1.4238861777777772,89.85583333333332,1.426541138888889,99674.95388888891
2020-05-23 18:00:00,27.984888888888893,40.19838888888887,2.428888888888891,3.335555555555556,3.5266666666666646,30.192666666666664,1.4235886000000002,67.23966666666664,1.4264117777777785,99673.12444444446
2020-05-23 21:00:00,23.12644444444443,52.137777777777785,11.203888888888892,15.786666666666669,16.51222222222222,35.85066666666669,1.4230467722222222,89.16266666666667,1.4261026055555552,99767.90111111115
2020-05-24 00:00:00,21.35077777777778,52.17377777777777,11.041111111111107,15.03833333333333,15.58166666666667,39.22244444444444,1.4228397722222224,88.48322222222218,1.426051483333333,99797.53888888888
2020-05-24 03:00:00,20.486166666666687,44.57022222222223,3.819444444444445,5.087222222222221,5.300555555555556,42.82261111111109,1.4227075388888892,77.01127777777778,1.4260955277777774,99808.4316666667
2020-05-24 06:00:00,21.104499999999998,40.824277777777766,4.211666666666664,5.567777777777779,5.759444444444446,38.37594444444445,1.4228469944444442,76.83516666666671,1.4261194388888894,99874.63722222221
2020-05-24 09:00:00,31.696333333333314,37.2116111111111,5.7011111111111115,7.538888888888886,7.725555555555553,40.27822222222222,1.4237791055555553,68.6907777777778,1.4265878277777782,99808.12833333333
2020-05-24 12:00:00,32.56844444444445,38.51816666666667,5.148333333333332,6.687222222222219,6.840555555555559,39.68277777777776,1.4238828111111117,79.0370555555555,1.4265688777777779,99699.93499999998
2020-05-24 15:00:00,30.150833333333317,40.24866666666666,4.259444444444444,5.616666666666665,5.742222222222223,31.287222222222212,1.4237876388888895,72.64305555555555,1.4264783111111108,99556.08611111112
2020-05-24 18:00:00,24.711777777777776,46.86077777777779,3.5461111111111108,4.677222222222216,4.819444444444443,37.85188888888887,1.4231422055555552,81.80561111111108,1.426199505555555,99400.35777777777
2020-05-24 21:00:00,20.956944444444442,54.16661111111108,5.656666666666667,7.5938888888888885,7.836666666666665,41.519555555555556,1.422767105555555,98.81983333333329,1.4259805833333337,99386.41999999998
2020-05-25 00:00:00,21.19661111111108,68.00850000000004,10.523888888888886,14.921666666666654,15.390555555555574,41.34138888888892,1.4227881388888894,109.33016666666667,1.4259253444444449,99404.79555555561
2020-05-25 03:00:00,20.962388888888874,71.05777777777783,14.449999999999962,20.52333333333335,21.121111111111116,42.897222222222176,1.4227412444444456,112.54588888888884,1.4259004166666678,99482.10499999991
2020-05-25 06:00:00,26.88877777777778,58.857000000000035,11.927777777777774,16.81055555555554,17.283333333333314,36.4361666666667,1.4233875944444447,108.72816666666678,1.4261378166666652,99573.76111111109
2020-05-25 09:00:00,38.252722222222175,33.93083333333335,7.017777777777774,9.81833333333334,10.39111111111111,57.944777777777794,1.424156600000001,136.99833333333336,1.4265678277777774,99653.015
2020-05-25 12:00:00,37.865888888888875,34.03549999999996,9.574444444444442,12.377222222222228,12.616111111111111,69.10972222222227,1.423889761111112,160.48972222222216,1.426398288888888,99664.68944444455
2020-05-25 15:00:00,36.111284403669735,36.71036697247707,8.43577981651376,11.385321100917428,11.66192660550459,65.73454128440366,1.4237609724770652,100.35330275229346,1.4266587889908267,99619.84678899082
2020-05-25 18:00:00,32.1646111111111,40.547999999999995,8.664999999999997,11.837222222222218,12.133333333333331,56.98972222222222,1.4235002777777774,102.60099999999996,1.426410044444445,99603.37277777781
2020-05-25 21:00:00,25.141555555555552,53.66149999999997,14.471666666666673,20.943888888888885,21.57444444444444,42.603499999999976,1.4230849888888897,94.78116666666669,1.4261356944444448,99738.51111111113
2020-05-26 00:00:00,22.466611111111106,59.9193333333333,18.415555555555553,28.101111111111116,29.816111111111113,41.97088888888889,1.4228742499999998,99.28716666666662,1.4260209277777771,99816.8872222222
2020-05-26 03:00:00,21.646777777777764,62.86605555555556,20.761666666666663,31.935555555555535,35.23777777777778,42.90744444444446,1.4227915000000002,105.52161111111114,1.425959422222222,99836.94833333335
2020-05-26 06:00:00,26.512777777777785,52.977611111111116,19.406666666666663,29.776666666666667,32.72444444444442,40.83844444444444,1.4232641555555565,98.92844444444447,1.4261787444444436,99944.0438888889
2020-05-26 09:00:00,36.96255555555556,34.995999999999974,10.156111111111112,13.94444444444445,14.314999999999994,62.8127777777778,1.4239144277777775,123.10583333333335,1.4265718555555549,99925.39999999997
2020-05-26 12:00:00,39.07083333333338,31.751777777777775,8.58055555555556,11.256111111111114,11.52444444444444,68.62438888888889,1.4240338777777775,164.09700000000007,1.4264526333333327,99866.90444444444
2020-05-26 15:00:00,39.91994444444442,28.008499999999984,6.548333333333331,8.71,8.908888888888884,70.44649999999993,1.4240917722222224,156.5227777777779,1.426552944444445,99721.05111111107
2020-05-26 18:00:00,32.553222222222225,39.59083333333334,13.508333333333336,17.876666666666665,18.349444444444448,58.01433333333331,1.4235250111111113,112.96077777777775,1.4263755555555555,99705.48611111111
2020-05-26 21:00:00,25.892346368715103,53.25720670391063,13.012290502793293,18.002793296089376,18.483798882681562,41.155530726257005,1.423176212290503,87.93659217877092,1.4262016536312847,99828.1055865922
2020-05-27 00:00:00,24.069888888888904,58.69233333333333,14.295555555555563,20.165555555555553,20.733333333333334,41.559222222222225,1.4230153388888895,96.47422222222225,1.426090066666667,99852.80111111111
2020-05-27 03:00:00,23.12327777777778,61.3735,17.653888888888893,25.167222222222218,25.924444444444454,38.46722222222224,1.422995661111111,104.6145,1.4260109777777783,99838.35166666663
2020-05-27 06:00:00,28.988833333333336,49.31838888888892,14.487222222222218,20.520555555555557,21.233888888888885,38.71999999999997,1.4235499111111116,92.31772222222223,1.426334594444445,99875.79777777777
2020-05-27 09:00:00,36.98805555555556,29.626166666666688,6.392222222222221,8.495,8.724444444444446,64.33305555555553,1.4238873277777777,139.23766666666663,1.4264751444444446,99832.5127777778
2020-05-27 12:00:00,35.99844444444442,31.89966666666668,6.048888888888886,7.9933333333333305,8.171111111111118,64.1417222222222,1.4237804333333328,124.74161111111106,1.4265017055555549,99798.18166666673
2020-05-27 15:00:00,36.529833333333336,29.37027777777778,4.538333333333332,5.978333333333332,6.131666666666664,63.68166666666666,1.4238490833333333,119.96616666666661,1.4265648722222222,99677.0538888889
2020-05-27 18:00:00,31.249222222222212,36.932333333333354,6.931111111111108,9.306666666666667,9.550555555555555,55.29722222222221,1.423436422222223,100.15866666666668,1.4263765111111097,99601.3311111111
2020-05-27 21:00:00,25.08755555555555,49.78427777777776,11.09277777777778,15.40888888888888,15.79888888888888,47.0161111111111,1.4229950388888897,92.7181111111111,1.4261458611111115,99677.74777777781
2020-05-28 00:00:00,24.116111111111103,52.523166666666675,7.108333333333333,9.869444444444444,10.174999999999997,41.96877777777778,1.4230114222222228,90.19916666666668,1.426128744444445,99661.71000000006
2020-05-28 03:00:00,24.237500000000004,53.145222222222216,3.7927777777777756,5.203333333333333,5.37222222222222,36.12727777777776,1.4231337166666675,93.64744444444449,1.426112372222223,99622.27444444444
2020-05-28 06:00:00,23.964833333333345,55.35583333333331,6.9605555555555565,9.593333333333334,9.851666666666668,37.00305555555557,1.42309405,99.50844444444446,1.4260686499999995,99594.82166666671
2020-05-28 09:00:00,27.649277777777765,48.30411111111108,3.615000000000001,4.9700000000000015,5.141111111111109,33.41972222222223,1.4234925999999994,87.17988888888891,1.4262778944444452,99509.68611111103
2020-05-28 12:00:00,28.927166666666665,49.87761111111115,5.160555555555554,7.181666666666664,7.412777777777775,42.46300000000003,1.4234531166666657,89.11827777777775,1.4263303611111107,99338.0427777778
2020-05-28 15:00:00,23.90872222222223,67.85983333333333,8.386111111111113,12.037777777777773,12.391666666666659,42.269833333333345,1.4229883111111108,112.92361111111113,1.4259875888888884,99167.70722222225
2020-05-28 18:00:00,24.049833333333325,68.24750000000002,4.513333333333334,6.067777777777778,6.229444444444449,41.02694444444444,1.4230238666666657,113.54211111111098,1.425988527777778,99117.13777777778
2020-05-28 21:00:00,22.738333333333337,68.72805555555561,9.341111111111108,13.588333333333331,14.100000000000003,44.089388888888905,1.422856061111111,117.44199999999996,1.4259228277777778,99137.25777777779
2020-05-29 00:00:00,22.01511111111112,69.16744444444443,3.1366666666666676,4.460000000000003,4.619999999999999,41.94144444444446,1.4228373944444441,117.46966666666665,1.4258994111111103,99049.32611111112
2020-05-29 03:00:00,22.056000000000004,68.04827777777778,4.1377777777777816,5.808888888888889,6.038333333333332,43.000277777777804,1.4228201777777778,116.73805555555553,1.4259048055555557,99002.65055555558
2020-05-29 06:00:00,25.4805,57.55883333333337,7.117777777777778,11.790555555555557,12.845000000000002,42.62494444444447,1.4231212666666668,111.8137777777778,1.426051861111111,99040.1327777778
2020-05-29 09:00:00,27.71866666666666,54.17894444444443,10.971111111111107,18.576666666666654,20.642777777777784,46.71305555555553,1.4232389833333323,107.51916666666664,1.4261577888888888,98980.59833333339
2020-05-29 12:00:00,27.161000000000023,57.159666666666666,6.904999999999998,9.53722222222222,9.812777777777772,45.15005555555555,1.423218561111111,112.16238888888888,1.4261090888888892,98762.35222222225
2020-05-29 15:00:00,26.989777777777782,51.489000000000004,2.940555555555556,3.8911111111111114,4.013888888888889,51.38927777777778,1.4230918444444443,96.86772222222226,1.4262009055555551,98695.86000000003
2020-05-29 18:00:00,20.610555555555557,57.51122222222219,1.8894444444444445,2.5177777777777792,2.5833333333333344,42.77161111111112,1.422717833333333,104.76794444444448,1.4259366722222218,98939.3155555556
2020-05-29 21:00:00,18.953555555555575,57.67294444444445,2.0249999999999995,2.7933333333333326,2.8705555555555557,43.10477777777778,1.42258955,102.98222222222226,1.4259036333333328,99190.78499999999
2020-05-30 00:00:00,17.582555555555547,59.74827777777781,1.0038888888888904,1.4094444444444443,1.4677777777777787,40.8701111111111,1.4225303666666669,106.28805555555554,1.4258482055555552,99319.0577777778
2020-05-30 03:00:00,16.392222222222205,62.99988888888897,2.3800000000000003,3.094444444444446,3.176666666666666,39.74983333333333,1.422462411111111,108.03733333333336,1.4258059944444434,99421.5344444445
2020-05-30 06:00:00,18.422833333333333,58.99427777777778,4.211666666666664,5.56,5.7166666666666694,38.87627777777776,1.4226299888888885,108.03172222222224,1.425860266666667,99459.57944444449
2020-05-30 09:00:00,23.824055555555546,45.06038888888888,1.8527777777777756,2.5533333333333337,2.643333333333334,48.50944444444446,1.4228613277777782,92.07149999999996,1.4261080722222226,99346.17111111108
2020-05-30 12:00:00,25.288555555555547,40.13705555555555,2.6077777777777778,3.4572222222222226,3.5533333333333323,45.697833333333314,1.4230370555555552,91.03011111111114,1.4261624944444435,99278.45388888888
2020-05-30 15:00:00,22.693111111111108,38.827611111111125,0.936111111111111,1.4344444444444457,1.508888888888888,39.398222222222216,1.4229428944444442,99.0909444444445,1.4260298277777768,99523.17111111112
2020-05-30 18:00:00,18.43922222222223,36.73783333333331,0.023888888888888894,0.12777777777777785,0.1500000000000002,42.14983333333331,1.4225694999999996,94.9796666666667,1.4259364722222228,99727.40333333334
2020-05-30 21:00:00,14.303888888888903,47.44755555555556,0.4816666666666652,0.6599999999999997,0.6922222222222224,37.637777777777785,1.4223452444444442,79.51405555555553,1.4259133277777771,99943.27500000002
2020-05-31 00:00:00,11.999944444444449,54.64499999999998,0.47555555555555534,0.8555555555555554,0.908888888888889,32.26977777777779,1.422296922222223,80.68777777777774,1.4258597555555554,100006.21777777781
2020-05-31 03:00:00,10.81027777777777,58.191000000000024,0.916666666666667,1.3177777777777775,1.3811111111111112,35.499777777777794,1.4221937777777773,84.8722222222222,1.4258339444444448,100082.09000000004
2020-05-31 06:00:00,16.60688888888889,41.42355555555554,0.034444444444444444,0.05555555555555552,0.08055555555555544,38.27250000000001,1.422518005555556,74.66283333333334,1.4260133388888891,100241.30944444441
2020-05-31 09:00:00,23.751000000000012,23.44833333333335,0.0,0.011111111111111113,0.03388888888888887,44.0991111111111,1.4229400833333339,106.6097777777778,1.426019633333334,100322.65333333332
2020-05-31 12:00:00,23.309888888888892,23.960055555555567,0.6188888888888888,0.7516666666666655,0.7766666666666657,44.55011111111111,1.4228947055555556,104.2428333333333,1.4260192277777786,100319.07833333338
2020-05-31 15:00:00,22.992833333333344,23.329166666666673,0.14500000000000005,0.32277777777777755,0.35055555555555534,46.05427777777778,1.4228425222222227,97.1174444444444,1.4260526999999998,100266.03333333341
2020-05-31 18:00:00,18.58044444444445,31.94705555555555,0.4849999999999995,0.8361111111111104,0.8766666666666655,43.85633333333333,1.4225478611111109,81.10911111111115,1.4260207277777783,100265.3472222222
2020-05-31 21:00:00,16.288222222222235,36.68438888888889,0.7794444444444445,1.2583333333333324,1.3316666666666668,42.94300000000001,1.4223947111111115,68.88661111111107,1.4260292055555555,100290.06722222225
2020-06-01 00:00:00,15.26744444444446,37.860555555555564,1.140000000000001,1.6266666666666658,1.7005555555555556,41.42455555555554,1.422346727777778,61.73116666666666,1.4260423388888888,100244.64888888893
2020-06-01 03:00:00,13.737666666666655,40.8273888888889,1.160555555555555,1.7327777777777782,1.8444444444444434,36.821499999999986,1.4223179888888886,59.71111111111112,1.4260116277777775,100253.98444444442
2020-06-01 06:00:00,15.60427777777778,43.177499999999995,1.1311111111111105,1.7305555555555543,1.8327777777777776,31.343277777777768,1.422560833333333,65.10377777777781,1.4260325500000006,100366.51222222224
2020-06-01 09:00:00,28.49761111111111,24.669999999999998,0.9133333333333332,1.3949999999999998,1.49388888888889,48.64416666666666,1.423288161111111,98.97477777777779,1.4262485777777787,100229.56722222228
2020-06-01 12:00:00,28.787055555555558,24.200944444444435,1.9988888888888896,2.9666666666666672,3.153333333333331,51.9162222222222,1.4232420055555555,114.14033333333334,1.4261638555555556,100019.91666666669
2020-06-01 15:00:00,32.342111111111144,18.89944444444444,1.0605555555555557,1.5688888888888886,1.6466666666666658,55.77211111111115,1.4235379666666665,117.0458888888889,1.426319377777777,99775.53833333336
2020-06-01 18:00:00,26.696000000000005,22.714222222222222,1.4011111111111114,2.056666666666666,2.151666666666668,51.23572222222219,1.4230636888888888,88.28116666666673,1.4262366388888899,99724.71111111107
2020-06-01 21:00:00,21.267111111111095,31.939611111111116,2.6688888888888873,3.688333333333331,3.8500000000000005,43.63233333333336,1.422752177777778,70.02550000000001,1.4261592444444449,99736.11944444443
2020-06-02 00:00:00,20.77850000000001,33.076722222222216,1.844999999999998,2.5777777777777824,2.7177777777777794,36.034666666666645,1.4228581888888878,54.48288888888883,1.4262351333333327,99635.72944444447
2020-06-02 03:00:00,20.447333333333344,40.407444444444444,2.335000000000001,3.352222222222224,3.502222222222222,35.434999999999995,1.4228449611111127,62.19305555555555,1.4261811444444443,99551.05833333333
2020-06-02 06:00:00,18.887444444444483,53.61449999999995,4.593333333333333,6.3566666666666585,6.613888888888894,37.22783333333336,1.4226956611111115,80.56883333333334,1.4260321444444441,99445.61666666671
2020-06-02 09:00:00,20.27838888888891,51.01811111111108,5.5683333333333405,7.983888888888891,8.380000000000008,38.131444444444426,1.4227855833333336,78.62483333333329,1.4260837166666667,99271.1416666667
2020-06-02 12:00:00,28.942034482758636,35.485241379310345,4.070689655172415,5.476896551724132,5.697241379310353,45.09520689655174,1.4233928000000002,59.86758620689661,1.4264988241379304,98958.22551724144
2020-06-02 15:00:00,33.45477777777778,28.911111111111126,4.253888888888891,5.407777777777777,5.5744444444444445,62.976666666666674,1.423518927777779,120.64849999999998,1.4263652999999996,98721.7022222222
2020-06-02 18:00:00,26.776833333333318,36.80522222222223,3.857222222222221,5.017222222222222,5.181111111111111,49.800055555555524,1.423109016666666,91.40211111111108,1.4262291222222225,98623.0116666667
2020-06-02 21:00:00,19.092833333333342,57.22383333333334,6.409999999999998,8.512777777777774,8.801666666666673,44.15494444444445,1.4225800888888882,85.62822222222225,1.426008372222223,98597.6294444445
2020-06-03 00:00:00,18.109277777777784,61.663777777777824,8.66222222222222,11.752222222222223,12.128888888888886,41.29683333333332,1.4225614722222224,89.45316666666669,1.425959877777777,98498.78277777773
2020-06-03 03:00:00,18.114388888888868,62.282666666666685,10.075555555555553,13.577777777777767,13.944444444444438,35.55283333333334,1.4226700555555554,91.72594444444441,1.425946822222222,98427.14611111114
2020-06-03 06:00:00,19.30799999999999,67.5891111111111,14.569444444444438,20.612222222222215,21.85333333333335,42.43766666666668,1.422628155555556,102.49611111111119,1.4259156888888895,98379.68722222226
2020-06-03 09:00:00,23.72827777777778,63.4977777777778,15.42166666666666,21.28555555555556,21.818888888888896,40.37633333333335,1.4230175166666663,101.53961111111111,1.426054094444444,98359.36111111117
2020-06-03 12:00:00,32.784,40.89805555555558,11.33,14.28722222222222,14.571666666666669,47.07111111111113,1.4237592666666672,84.14911111111113,1.426547811111111,98278.39888888891
2020-06-03 15:00:00,34.71527777777777,34.62544444444444,10.73388888888889,13.612222222222222,13.84944444444445,59.41833333333334,1.4237307277777778,134.34338888888882,1.426361605555555,98287.26777777777
2020-06-03 18:00:00,29.311555555555536,36.24566666666668,7.057222222222218,8.986666666666668,9.193333333333337,53.48877777777783,1.4232677055555554,100.93622222222228,1.426270216666667,98430.77111111107
2020-06-03 21:00:00,23.473722222222218,48.16988888888889,8.638888888888888,11.24944444444445,11.507222222222218,35.16611111111112,1.423088277777777,89.15427777777782,1.4261139444444448,98636.76444444439
2020-06-04 00:00:00,21.11444444444444,54.98988888888888,10.540555555555564,13.918888888888892,14.229444444444436,33.71577777777777,1.4229271555555565,95.19338888888889,1.4260059444444446,98735.01999999999
2020-06-04 03:00:00,21.47461111111111,50.69166666666667,8.243333333333332,10.773333333333333,11.015555555555556,33.72516666666665,1.4229539444444435,90.93522222222218,1.4260407111111106,98751.86055555561
2020-06-04 06:00:00,26.292111111111122,42.759111111111146,7.7622222222222135,10.260555555555557,10.531111111111112,37.572111111111106,1.4233126333333344,84.8827777777777,1.4262593944444442,98779.36388888891
2020-06-04 09:00:00,36.598888888888865,28.54888888888889,6.038888888888883,7.788888888888894,7.971111111111111,59.7168888888889,1.4239355111111107,142.96427777777774,1.4264270388888889,98771.57000000005
2020-06-04 12:00:00,38.49722222222223,24.667277777777795,5.077777777777779,6.467777777777779,6.629999999999999,69.0668888888889,1.4239610333333332,157.64188888888884,1.4264566722222223,98726.06
2020-06-04 15:00:00,36.05766666666664,29.493944444444455,6.632222222222218,8.57111111111111,8.805555555555559,71.02772222222218,1.4236495666666662,120.71416666666666,1.4265301777777772,98683.84666666668
2020-06-04 18:00:00,31.038722222222223,38.45883333333333,8.388333333333332,10.744999999999994,11.082222222222219,46.10505555555555,1.4235899888888894,85.43883333333335,1.4264450444444445,98753.68444444446
2020-06-04 21:00:00,27.10494444444443,47.91094444444441,8.235000000000008,11.042222222222227,11.313888888888888,37.21405555555558,1.4233603999999997,81.04216666666662,1.4262876055555556,98878.1438888889
2020-06-05 00:00:00,23.61338888888889,50.70872222222219,9.991666666666667,13.11166666666666,13.39722222222223,31.46894444444445,1.4231708444444442,87.78355555555554,1.4261263444444447,98906.6144444445
2020-06-05 03:00:00,20.917999999999992,54.341666666666626,10.503333333333334,13.883333333333324,14.230555555555556,31.483388888888875,1.4229549277777782,93.02927777777778,1.4260134611111104,98962.14722222227
2020-06-05 06:00:00,26.450388888888888,47.27594444444445,13.084444444444445,17.809999999999995,18.275555555555545,32.8746111111111,1.4234226000000003,85.38466666666666,1.426266016666666,99014.31
2020-06-05 09:00:00,37.54844444444445,33.738666666666695,10.03055555555555,13.976111111111113,14.339444444444437,61.96738888888886,1.4239971666666669,124.32511111111111,1.4266020611111108,99012.80722222223
2020-06-05 12:00:00,35.61633333333332,36.45772222222224,9.030555555555555,12.894444444444447,13.252777777777775,61.27994444444445,1.4237945388888886,120.12633333333336,1.426505966666666,98958.79055555558
2020-06-05 15:00:00,35.30683333333336,35.16961111111111,6.570555555555553,9.100555555555554,9.357777777777782,58.26505555555554,1.4238204499999998,96.20444444444442,1.4266329555555552,98830.82777777774
2020-06-05 18:00:00,30.91538888888888,41.31349999999997,6.446666666666667,8.628888888888886,8.867777777777778,50.047222222222246,1.4234993333333334,90.6492777777778,1.4264069888888884,98795.94888888889
2020-06-05 21:00:00,27.05694444444445,45.154166666666676,6.373333333333332,8.207222222222219,8.385,36.937555555555534,1.4233614333333333,77.76488888888883,1.4263053833333335,98869.04000000005
2020-06-06 00:00:00,23.96566666666664,46.15733333333334,7.344999999999995,9.579999999999997,9.771666666666663,33.957000000000015,1.423152655555556,81.69666666666669,1.426173955555556,98891.31388888894
2020-06-06 03:00:00,22.399555555555555,43.49205555555557,5.117222222222225,6.582777777777777,6.718333333333332,35.99700000000002,1.4229851777777778,80.39366666666665,1.4261313444444446,98922.6072222222
2020-06-06 06:00:00,25.460388888888897,37.85577777777777,3.3005555555555577,4.335000000000003,4.464999999999999,37.38116666666667,1.4232356777777777,65.36877777777771,1.4263387333333337,99116.7866666667
2020-06-06 09:00:00,34.90572222222223,25.07988888888888,1.1138888888888898,1.6344444444444444,1.733888888888889,59.74922222222222,1.4237454444444442,123.91822222222224,1.426437183333334,99190.84611111118
2020-06-06 12:00:00,34.32726256983241,25.261229050279315,7.621229050279331,13.345810055865922,14.94748603351955,59.03966480446927,1.423694703910615,118.14201117318441,1.4264360111731842,99177.84804469268
2020-06-06 15:00:00,32.72200000000002,25.160555555555565,2.7566666666666677,4.788888888888886,5.313333333333335,57.04861111111112,1.4235541277777768,95.95172222222229,1.426469349999999,99181.35666666662
2020-06-06 18:00:00,26.24522222222221,34.08177777777777,2.786666666666668,3.668333333333334,3.7783333333333347,41.16666666666666,1.4232178555555552,80.68377777777778,1.4262655999999998,99326.32000000007
2020-06-06 21:00:00,21.31694444444444,44.44572222222223,3.2155555555555577,4.218888888888887,4.331111111111111,28.464222222222215,1.4230436166666665,69.45911111111114,1.4261631722222223,99515.55555555552
2020-06-07 00:00:00,18.684944444444447,51.3846666666667,4.010000000000003,5.272222222222222,5.41222222222222,30.489388888888904,1.422807816666666,78.85044444444449,1.4260367388888893,99670.0761111111
2020-06-07 03:00:00,16.653777777777773,51.92549999999999,2.2733333333333334,3.0461111111111108,3.1444444444444444,30.07466666666666,1.4226637055555547,80.44183333333335,1.4259724999999996,99773.76944444446
2020-06-07 06:00:00,20.522166666666667,42.185999999999986,0.27777777777777823,0.4727777777777775,0.5099999999999999,25.379499999999993,1.4230507,64.96972222222217,1.426173733333333,99849.84888888885
2020-06-07 09:00:00,29.87061111111112,27.58155555555556,0.35833333333333334,0.548888888888889,0.5938888888888894,40.665277777777774,1.423574305555555,75.69961111111114,1.4264460166666662,99884.48833333333
2020-06-07 12:00:00,29.5897777777778,26.97199999999998,0.6772222222222218,1.030555555555557,1.0716666666666679,44.168444444444425,1.4234767777777777,94.511,1.426319855555556,99833.05833333339
2020-06-07 15:00:00,31.250666666666667,22.970777777777776,2.1011111111111096,3.9155555555555552,4.479444444444444,50.27644444444444,1.423529861111112,94.97216666666665,1.4263959722222226,99727.80777777781
2020-06-07 18:00:00,25.78438888888889,29.547722222222234,0.8533333333333336,1.2455555555555557,1.3022222222222222,42.4886111111111,1.42314995,82.8537777777778,1.426234372222222,99723.45444444448
2020-06-07 21:00:00,19.848055555555543,42.813777777777766,1.7550000000000021,2.3844444444444446,2.474444444444446,22.75583333333334,1.4230411666666665,68.34405555555553,1.4261292500000002,99821.36222222223
2020-06-08 00:00:00,16.69977777777778,45.908666666666655,1.1077777777777766,1.5461111111111108,1.6111111111111118,25.051999999999982,1.4227614611111117,72.52827777777777,1.426019483333333,99875.15111111113
2020-06-08 03:00:00,15.22505555555556,50.95083333333333,1.267222222222223,1.749444444444445,1.8122222222222206,26.809055555555545,1.4226172111111108,74.62494444444447,1.4259668166666668,99891.2305555556
2020-06-08 06:00:00,21.51722222222222,42.54849999999999,1.9288888888888875,2.662777777777777,2.7905555555555566,24.41822222222223,1.4231559611111106,58.51038888888891,1.426247722222222,99942.1016666667
2020-06-08 09:00:00,32.09305555555555,23.52350000000001,2.218888888888888,3.265555555555555,3.4094444444444445,43.32722222222223,1.423756816666667,86.25733333333334,1.4264932388888893,99960.1655555555
2020-06-08 12:00:00,31.03561111111112,22.529555555555554,1.5216666666666674,2.1505555555555556,2.2316666666666665,44.776333333333355,1.4236155500000005,95.67799999999994,1.426381494444445,99866.6466666667
2020-06-08 15:00:00,33.53211111111111,21.18583333333333,2.553333333333334,3.331666666666665,3.4355555555555544,52.43561111111111,1.4237362555555555,93.73749999999995,1.4265341999999999,99646.15611111112
2020-06-08 18:00:00,28.16827777777777,25.18938888888889,2.3283333333333336,3.1755555555555555,3.303333333333334,48.83949999999997,1.423246444444444,81.71944444444445,1.426335772222222,99518.25499999998
2020-06-08 21:00:00,22.708944444444437,32.57738888888888,3.1827777777777757,4.371666666666664,4.560555555555553,31.24699999999999,1.4231007833333327,66.09450000000001,1.4262252888888882,99452.99666666666
2020-06-09 00:00:00,20.019611111111093,45.11666666666666,5.03666666666667,6.685000000000001,6.909444444444446,30.57561111111112,1.4229054222222222,74.50772222222221,1.426097672222222,99408.95444444439
2020-06-09 03:00:00,19.258111111111113,48.91838888888891,5.247777777777777,6.925,7.159444444444444,30.76316666666666,1.4228452777777774,77.61255555555553,1.4260592500000002,99296.79333333325
2020-06-09 06:00:00,25.227722222222226,39.89966666666666,6.453888888888887,8.594999999999999,8.897777777777774,29.31683333333334,1.423385455555555,58.842944444444456,1.4263802555555558,99303.86111111115
2020-06-09 09:00:00,38.565722222222185,23.178611111111113,1.8494444444444442,2.5505555555555577,2.6899999999999995,60.798166666666646,1.4241341944444454,102.66094444444447,1.426799938888889,99197.47888888889
2020-06-09 12:00:00,41.83533333333336,22.046111111111124,3.3266666666666658,4.196111111111108,4.34722222222222,77.02294444444443,1.4241718333333333,119.41922222222227,1.4269054055555557,99097.98944444451
2020-06-09 15:00:00,40.512944444444436,22.34633333333333,3.0338888888888897,3.883333333333335,3.9966666666666653,80.18661111111113,1.4239605888888882,91.72466666666666,1.4269938166666665,99028.65333333338
2020-06-09 18:00:00,33.77666666666667,29.508333333333347,3.9394444444444434,4.983888888888888,5.127777777777775,50.856111111111126,1.4237955611111113,59.2031666666667,1.426764211111111,98990.75388888895
2020-06-09 21:00:00,26.77599999999997,39.43505555555555,4.46777777777778,5.547777777777778,5.684444444444445,45.986444444444444,1.4231724555555558,53.005666666666656,1.426450266666667,99041.62388888889
2020-06-10 00:00:00,23.447277777777796,46.15544444444444,5.390555555555558,6.902777777777777,7.097777777777779,41.57961111111108,1.4229630277777778,58.054999999999986,1.4262961944444454,99000.63888888886
2020-06-10 03:00:00,23.276666666666657,48.95594444444444,5.860000000000002,7.561666666666667,7.786111111111113,39.09872222222223,1.4229965777777775,65.80633333333333,1.4262448888888897,98830.81777777777
2020-06-10 06:00:00,21.826722222222216,63.94438888888888,9.013888888888888,11.998888888888885,12.357222222222221,39.83550000000001,1.422866633333333,84.96527777777774,1.4260872555555557,98823.15444444443
2020-06-10 09:00:00,31.94777777777778,41.64461111111111,8.51888888888889,11.042222222222225,11.288888888888893,34.872722222222215,1.4239187444444446,49.18177777777776,1.4267281944444443,98677.99000000006
2020-06-10 12:00:00,36.953833333333314,39.176,12.188888888888894,17.39944444444445,17.91611111111111,37.51233333333334,1.4244207055555547,60.35961111111112,1.4269589888888885,98527.4005555556
2020-06-10 15:00:00,39.21316666666667,35.918111111111095,11.864999999999993,17.740555555555556,18.191111111111105,49.41422222222223,1.4244370388888885,59.19711111111109,1.4271123833333337,98382.25611111111
2020-06-10 18:00:00,35.43405555555554,39.45977777777776,10.403888888888883,15.494444444444454,15.952222222222215,39.1796111111111,1.4242137444444438,71.99377777777774,1.4267892388888888,98311.53833333336
2020-06-10 21:00:00,25.788888888888895,58.098055555555554,2.587777777777778,4.00611111111111,4.212222222222222,44.70733333333334,1.4231100666666672,97.71177777777775,1.4261480388888887,98439.5172222222
2020-06-11 00:00:00,22.350055555555564,68.66272222222226,2.577777777777776,4.087777777777781,4.343333333333331,49.688000000000024,1.4227172888888888,100.50655555555555,1.426009905555556,98390.54944444452
2020-06-11 03:00:00,22.092777777777744,65.6433333333333,2.723888888888889,3.9416666666666687,4.138333333333333,46.27977777777778,1.4227614055555562,98.75850000000004,1.4260120833333332,98436.30888888892
2020-06-11 06:00:00,22.279722222222226,54.71972222222221,0.7994444444444442,1.0755555555555556,1.1377777777777773,33.9865,1.4230115166666668,91.25911111111107,1.426062211111111,98770.72000000003
2020-06-11 09:00:00,29.0386111111111,33.207833333333305,0.07499999999999998,0.11277777777777774,0.13333333333333325,42.18449999999999,1.423460794444444,67.16194444444444,1.426460016666666,99204.1494444445
2020-06-11 12:00:00,28.42634146341464,33.30292682926828,0.13658536585365857,0.33170731707317086,0.35121951219512204,47.265121951219506,1.4232950487804878,98.43780487804877,1.4262409756097563,99359.89268292683
